"Reserv. No","Reserv. Date","Begin Hour","End Hour","Payment Method","Total Amount","Payment Time"
1077,'2024-08-26,21:00,22:00,Cash,50,"'2024-08-26 21:07:14"
1076,'2024-08-26,21:00,22:00,Cash,40,"'2024-08-26 21:03:56"
1075,'2024-08-26,21:00,22:00,Cash,50,"'2024-08-26 21:02:11"
1073,'2024-08-26,21:00,22:00,Cash,50,"'2024-08-26 21:01:19"
1072,'2024-08-26,21:00,22:00,Cash,50,"'2024-08-26 20:59:42"
1068,'2024-08-26,21:00,22:00,Cash,50,"'2024-08-26 20:22:28"
1067,'2024-08-26,20:00,21:00,Cash,50,"'2024-08-26 20:21:37"
1062,'2024-08-26,21:00,22:00,Cash,50,"'2024-08-26 20:08:35"
1056,'2024-08-26,20:00,21:00,Cash,50,"'2024-08-26 19:36:22"
1050,'2024-08-26,19:00,20:00,Cash,50,"'2024-08-26 19:19:13"
1039,'2024-08-26,19:00,20:00,Cash,50,"'2024-08-26 19:07:44"
1036,'2024-08-26,19:00,20:00,Cash,100,"'2024-08-26 18:54:57"
1035,'2024-08-26,19:00,20:00,Cash,50,"'2024-08-26 18:53:02"
1033,'2024-08-26,19:00,20:00,Cash,50,"'2024-08-26 18:50:19"
1031,'2024-08-26,19:00,20:00,Cash,50,"'2024-08-26 18:39:06"
1030,'2024-08-26,19:00,20:00,Cash,50,"'2024-08-26 18:29:05"
1029,'2024-08-26,19:00,20:00,Cash,50,"'2024-08-26 18:24:11"
1028,'2024-08-26,19:00,20:00,Cash,50,"'2024-08-26 18:23:55"
1020,'2024-08-26,18:00,19:00,Cash,50,"'2024-08-26 18:00:47"
1018,'2024-08-26,18:00,19:00,Cash,50,"'2024-08-26 17:57:01"
1016,'2024-08-26,19:00,20:00,Cash,100,"'2024-08-26 17:51:10"
1014,'2024-08-26,18:00,19:00,Cash,100,"'2024-08-26 17:50:02"
1013,'2024-08-26,18:00,19:00,Cash,100,"'2024-08-26 17:48:52"
1012,'2024-08-26,19:00,20:00,Cash,100,"'2024-08-26 17:48:45"
1010,'2024-08-26,21:00,22:00,Cash,100,"'2024-08-26 17:47:31"
1008,'2024-08-26,18:00,19:00,Cash,50,"'2024-08-26 17:46:02"
1007,'2024-08-26,18:00,19:00,Cash,50,"'2024-08-26 17:41:54"
1003,'2024-08-26,18:00,20:00,Cash,200,"'2024-08-26 17:34:09"
1001,'2024-08-26,18:00,19:00,Cash,50,"'2024-08-26 17:29:35"
1000,'2024-08-26,18:00,19:00,Cash,50,"'2024-08-26 17:25:50"
998,'2024-08-26,17:00,18:00,Cash,50,"'2024-08-26 17:23:48"
996,'2024-08-26,18:00,19:00,Cash,100,"'2024-08-26 17:21:30"
994,'2024-08-26,18:00,19:00,Cash,40,"'2024-08-26 17:20:59"
991,'2024-08-26,18:00,19:00,Cash,50,"'2024-08-26 17:15:43"
990,'2024-08-26,17:00,18:00,Cash,50,"'2024-08-26 17:15:01"
988,'2024-08-26,17:00,19:00,Cash,100,"'2024-08-26 17:11:47"
986,'2024-08-26,17:00,18:00,Cash,50,"'2024-08-26 17:09:58"
982,'2024-08-26,17:00,18:00,Cash,50,"'2024-08-26 16:59:04"
981,'2024-08-26,16:00,17:00,Cash,50,"'2024-08-26 16:57:49"
980,'2024-08-26,16:00,17:00,Cash,50,"'2024-08-26 16:57:13"
979,'2024-08-26,16:00,17:00,Cash,50,"'2024-08-26 16:56:30"
978,'2024-08-26,17:00,18:00,Cash,100,"'2024-08-26 16:55:27"
977,'2024-08-26,18:00,19:00,Cash,100,"'2024-08-26 16:55:11"
976,'2024-08-26,17:00,18:00,Cash,100,"'2024-08-26 16:53:33"
974,'2024-08-26,17:00,18:00,Cash,50,"'2024-08-26 16:50:43"
973,'2024-08-26,18:00,19:00,Cash,50,"'2024-08-26 16:50:29"
971,'2024-08-26,17:00,18:00,Cash,50,"'2024-08-26 16:47:23"
969,'2024-08-26,18:00,19:00,Cash,50,"'2024-08-26 16:46:31"
967,'2024-08-26,17:00,18:00,Cash,50,"'2024-08-26 16:46:06"
957,'2024-08-26,17:00,18:00,Cash,50,"'2024-08-26 16:38:17"
955,'2024-08-26,17:00,18:00,Cash,150,"'2024-08-26 16:36:59"
953,'2024-08-26,17:00,18:00,Cash,50,"'2024-08-26 16:34:00"
951,'2024-08-26,17:00,18:00,Cash,50,"'2024-08-26 16:33:18"
950,'2024-08-26,17:00,18:00,Cash,50,"'2024-08-26 16:32:49"
948,'2024-08-26,17:00,18:00,Cash,50,"'2024-08-26 16:32:04"
947,'2024-08-26,17:00,18:00,Cash,50,"'2024-08-26 16:31:22"
930,'2024-08-26,17:00,18:00,Cash,50,"'2024-08-26 16:10:22"
929,'2024-08-26,16:00,17:00,Cash,50,"'2024-08-26 16:07:18"
925,'2024-08-26,16:00,17:00,Cash,90,"'2024-08-26 16:01:19"
924,'2024-08-26,17:00,18:00,Cash,50,"'2024-08-26 16:00:52"
923,'2024-08-26,16:00,17:00,Cash,50,"'2024-08-26 15:58:08"
920,'2024-08-26,16:00,17:00,Cash,50,"'2024-08-26 15:56:12"
917,'2024-08-26,16:00,17:00,Cash,50,"'2024-08-26 15:51:52"
916,'2024-08-26,16:00,17:00,Cash,50,"'2024-08-26 15:44:27"
914,'2024-08-26,17:00,18:00,Cash,50,"'2024-08-26 15:40:42"
913,'2024-08-26,16:00,17:00,Cash,40,"'2024-08-26 15:40:10"
912,'2024-08-26,16:00,17:00,Cash,50,"'2024-08-26 15:38:54"
911,'2024-08-26,16:00,17:00,Cash,50,"'2024-08-26 15:37:26"
906,'2024-08-26,16:00,17:00,Cash,50,"'2024-08-26 15:34:13"
903,'2024-08-26,17:00,18:00,Cash,50,"'2024-08-26 15:28:40"
898,'2024-08-26,16:00,17:00,Cash,50,"'2024-08-26 15:21:26"
897,'2024-08-26,16:00,18:00,Cash,160,"'2024-08-26 15:18:44"
896,'2024-08-26,15:00,16:00,Cash,50,"'2024-08-26 15:15:59"
895,'2024-08-26,19:00,20:00,Cash,50,"'2024-08-26 15:14:43"
886,'2024-08-26,16:00,17:00,Cash,50,"'2024-08-26 15:04:37"
880,'2024-08-26,15:00,16:00,Cash,50,"'2024-08-26 14:57:44"
879,'2024-08-26,15:00,16:00,Cash,50,"'2024-08-26 14:56:33"
878,'2024-08-26,15:00,16:00,Cash,50,"'2024-08-26 14:56:32"
875,'2024-08-26,16:00,17:00,Cash,50,"'2024-08-26 14:49:59"
874,'2024-08-26,15:00,16:00,Cash,100,"'2024-08-26 14:45:12"
873,'2024-08-26,16:00,17:00,Cash,100,"'2024-08-26 14:44:42"
868,'2024-08-26,15:00,16:00,Cash,50,"'2024-08-26 14:37:38"
866,'2024-08-26,15:00,16:00,Cash,50,"'2024-08-26 14:36:55"
865,'2024-08-26,15:00,16:00,Cash,50,"'2024-08-26 14:34:54"
859,'2024-08-26,15:00,16:00,Cash,50,"'2024-08-26 14:24:38"
857,'2024-08-26,15:00,17:00,Cash,80,"'2024-08-26 14:21:59"
855,'2024-08-26,15:00,16:00,Cash,50,"'2024-08-26 14:20:40"
851,'2024-08-26,14:00,15:00,Cash,50,"'2024-08-26 14:15:13"
850,'2024-08-26,14:00,16:00,Cash,100,"'2024-08-26 14:14:22"
846,'2024-08-26,14:00,16:00,Cash,100,"'2024-08-26 14:00:51"
845,'2024-08-26,14:00,16:00,Cash,320,"'2024-08-26 13:59:54"
844,'2024-08-26,15:00,16:00,Cash,40,"'2024-08-26 13:58:42"
843,'2024-08-26,14:00,15:00,Cash,40,"'2024-08-26 13:57:58"
842,'2024-08-26,14:00,16:00,Cash,200,"'2024-08-26 13:57:10"
841,'2024-08-26,14:00,15:00,Cash,50,"'2024-08-26 13:56:31"
839,'2024-08-26,15:00,16:00,Cash,100,"'2024-08-26 13:53:04"
838,'2024-08-26,14:00,15:00,Cash,100,"'2024-08-26 13:52:19"
832,'2024-08-26,14:00,15:00,Cash,50,"'2024-08-26 13:46:21"
830,'2024-08-26,15:00,16:00,Cash,50,"'2024-08-26 13:44:27"
829,'2024-08-26,14:00,15:00,Cash,50,"'2024-08-26 13:43:37"
825,'2024-08-26,15:00,16:00,Cash,50,"'2024-08-26 13:39:12"
823,'2024-08-26,14:00,15:00,Cash,50,"'2024-08-26 13:38:40"
819,'2024-08-26,14:00,15:00,Cash,50,"'2024-08-26 13:24:44"
818,'2024-08-26,14:00,16:00,Cash,100,"'2024-08-26 13:23:43"
814,'2024-08-26,15:00,17:00,Cash,300,"'2024-08-26 13:19:11"
810,'2024-08-26,13:00,15:00,Cash,100,"'2024-08-26 13:16:58"
809,'2024-08-26,14:00,15:00,Cash,50,"'2024-08-26 13:16:43"
,,0:00,0:00,Cash,0,"'2024-08-26 13:16:23"
802,'2024-08-26,14:00,15:00,Cash,50,"'2024-08-26 13:11:27"
799,'2024-08-26,13:00,14:00,Cash,50,"'2024-08-26 13:08:49"
795,'2024-08-26,13:00,14:00,Cash,50,"'2024-08-26 13:06:52"
,
"Total Payment:","HKD $ 7500"
Transactions:,111,record(s)
