"Reserv. No","Reserv. Date","Begin Hour","End Hour","Payment Method","Total Amount","Payment Time","Credit Card Number"
,,0:00,0:00,Mastercard,200.00,"'2024-06-25 08:56:56",xxxxxxxxxxxx4444
,,0:00,0:00,Visa,50.00,"'2024-06-25 08:52:30",xxxxxxxxxxxx1111
,,0:00,0:00,Mastercard,960.00,"'2024-06-25 05:31:11",xxxxxxxxxxxx3304
,,0:00,0:00,Mastercard,100.00,"'2024-06-25 05:12:10",xxxxxxxxxxxx3304
,,0:00,0:00,Visa,600.00,"'2024-06-25 00:55:52",xxxxxxxxxxxx1111
,,0:00,0:00,Mastercard,960.00,"'2024-06-25 00:47:49",xxxxxxxxxxxx4444
,
"Total Payment:","HKD $ 2870"
Transactions:,6,record(s)
